Time,Alpha,Beta,Theta,Gamma,Delta,B/A,T/A,G/B,T/B,D/B,(B+G)/(A+T),Spectral Entropy,Sample Entropy,Delta RP,Theta RP,Alpha RP,Beta RP,FAA,Engagement,ZCR,Spectral_Entropy_New,Rule_Label,ML_Label
07:37:18,0.05891783642001009,0.10642592769960663,0.032916048992780764,0.03713937187934087,0.03505623894743781,1.8063448043292625,0.5586771509756523,0.34896920968515216,0.30928599547366153,0.32939566236515305,1.5632980749486682,6.148175429828473,0.7396455780510944,0.15025215212559584,0.14107923009231807,0.2525237157917461,0.45614490199033997,-0.20362118619859387,1.158883437609032,2,2.153658895161552,Alert,Focused
07:37:19,0.07124754378111595,0.10667641327309696,0.04076276857633836,0.02997043254804009,0.04985265322200451,1.4972644334354075,0.5721287557865604,0.2809471337521846,0.38211603976582553,0.46732592231404724,1.2199379057810251,5.940832229626027,0.5328845776327338,0.18564373476627655,0.15179438021534847,0.26531506881988853,0.39724681619848656,-0.13193174737859803,0.952371783063014,2,2.1802356296258614,Alert,Focused
07:37:19,0.05621785305101076,0.13852614952947648,0.03432333557272223,0.03689437652140595,0.021752998021145553,2.464095336472225,0.6105415577072649,0.2663351045757273,0.24777513624183056,0.15703170913962936,1.9374451702275404,6.234512653195083,0.6621434004470382,0.08672740955910448,0.1368443089433655,0.22413594490971234,0.5522923365878177,-0.3281563916781054,1.5299624587732341,3,1.995521371345156,Alert,Focused
07:37:20,0.0671182886911956,0.08739799641167664,0.045716401096322176,0.0374179509620885,0.031799532245200574,1.3021487602847848,0.6811318045765242,0.42813282338689107,0.5230829420960768,0.3638473826724025,1.1061743638808565,6.1088323757490155,0.6604186801870052,0.13704791713147854,0.1970260914747829,0.2892627978182265,0.376663193575512,-0.08740039575728548,0.7745598628967204,3,2.2199371233698106,Alert,Focused
07:37:20,0.09904546589001936,0.09788893422462068,0.04079809464088213,0.04337791664938746,0.020895102024892864,0.9883232245413142,0.4119127945360423,0.4431340170672448,0.41677943440741577,0.21345724305206912,1.0101705088686117,6.019267012686345,0.6608096483899032,0.08079223673347445,0.15774841953746072,0.3829655733688499,0.378493770360215,0.0044718030086349225,0.6999838524501647,2,2.1131718678654474,Resting,Focused
07:37:21,0.06302214231122226,0.10231933472456588,0.04089541595247366,0.03709280055222636,0.032747468111813095,1.623545804255309,0.6489055188019446,0.362519954337826,0.39968414633031296,0.32005161292307294,1.3415518614397102,6.130442787196815,0.510797731788531,0.13702766139622025,0.17112172430123437,0.26370822768955865,0.42814238661298665,-0.164434158923428,0.9846107994005077,3,2.179221089095588,Alert,Focused
07:37:21,0.06550005491885703,0.0995441307605325,0.04012389461838205,0.048987802371664696,0.02412938632824093,1.5197564472861902,0.61257803017247,0.49212145404646496,0.4030764477205166,0.24239888523701697,1.4062201571024737,6.2231789933215245,0.6906520362262445,0.10523180514504464,0.17498620987306718,0.2856553798114506,0.43412660517043744,-0.14847122535898682,0.9424300905861004,3,2.1716328781294694,Alert,Focused
07:37:21,0.06354903345244452,0.12209109269198416,0.02554433469087465,0.03994246991372896,0.030396609408651055,1.9212108518274833,0.40196259963560543,0.3271530218383521,0.20922357337990927,0.24896664235233543,1.81867345806934,6.234821497750384,0.6571535337419834,0.12582363915333195,0.10573814688824487,0.2630546896256034,0.5053835243328197,-0.24232883470721633,1.370357018477147,2,2.0680154694673316,Alert,Focused
07:37:22,0.07956879353019379,0.11167454779702446,0.03897269310193853,0.04230927643404982,0.026092591608326155,1.4034968087664617,0.4897987184781135,0.3788623036195284,0.3489845615741723,0.2336485091997067,1.2989758238236175,6.117569591218847,0.6638831199667415,0.10180145714062053,0.1520537708950892,0.310441340817603,0.43570343114668725,-0.12526209032908425,0.9420634826362227,3,2.1291948321120806,Alert,Focused
07:37:22,0.08202783873078831,0.11585533913965666,0.030150754874835695,0.04083538651040664,0.01919722643966143,1.4123904875744526,0.3675673447131665,0.35246874950822965,0.2602448458459974,0.16569997189788832,1.3967845720757521,6.0305075486352395,0.7451077951819363,0.0776488954828743,0.12195370103928252,0.3317860054582647,0.46861139801957846,-0.13682539256131376,1.0327666148172636,3,2.045280538966993,Alert,Focused
07:37:22,0.08560027234470531,0.10704787589530143,0.03967668313961856,0.03562743283452699,0.02504215479675223,1.250555319079224,0.46351117879442943,0.33281774660687835,0.3706442823622627,0.23393415877999113,1.1388700284758517,6.0803787030406085,0.685900491124358,0.09730134843165338,0.15416384101583067,0.3326000495107874,0.4159347610417285,-0.08333471153094107,0.8544829414038163,3,2.1128904776459443,Alert,Focused
07:37:23,0.05090153601558197,0.12119556787082633,0.03501684320419622,0.03534659316377122,0.02119126994792085,2.380980562820854,0.6879329376912491,0.29164922269636645,0.2889284139624492,0.17485185572550893,1.821965689884342,6.227848528928532,0.7134321903004088,0.09281991109447546,0.1533773238229913,0.22295388899059884,0.5308488760919342,-0.30789498710133534,1.4105731322943236,3,2.0413633069028596,Alert,Focused
07:37:23,0.06724625333834124,0.11867183772751932,0.028146113987983754,0.03522490015692912,0.01753405410263792,1.7647353099426462,0.41855289463295525,0.296826111666093,0.23717601856482273,0.14775244437435617,1.6132855165704871,6.1051448694315305,0.6621944390043196,0.07570892012098769,0.12152990307654465,0.2903573350821496,0.512403841720318,-0.22204650663816844,1.2440260895871569,3,2.0070363148400294,Alert,Focused
07:37:24,0.06867694300989781,0.1340367016744381,0.019847509346517758,0.04060029945834506,0.01649494647829967,1.9516987186677857,0.28899814809254554,0.30290434598248456,0.1480751846216374,0.12306290942882395,1.9727320955070722,6.093339814256833,0.7494487986166904,0.06900031600602508,0.08302448381047615,0.28728379181132097,0.560691408372178,-0.27340761656085705,1.514103549957452,3,1.9219408151378656,Alert,Focused
07:37:24,0.06264562843650906,0.12242584838823735,0.039628935928773465,0.03574391395809243,0.020582349748561293,1.9542600408632689,0.6325890076900919,0.29196378402656586,0.3236974580980809,0.16812094847233944,1.5465058866008132,6.188846214907647,0.6969680119477122,0.08391274437145438,0.16156429226630722,0.25540167518285156,0.49912128817938684,-0.24371961299653527,1.197019533922952,3,2.0580585997102876,Alert,Focused
07:37:24,0.09460523710976515,0.10946235178006082,0.03761583006906094,0.033559821606082715,0.03312790169964708,1.157043258113267,0.397608327173446,0.30658779991785107,0.34364171294840457,0.3026419692334941,1.0816815712971017,5.925334648410672,0.6199038514797209,0.12054780574636537,0.13687875004174366,0.34425523986079387,0.39831820435109716,-0.05406296449030329,0.8278674968227241,3,2.11763564550265,Resting,Focused
07:37:25,0.07249660167842567,0.12186135083308883,0.05179114751401194,0.041532851823945074,0.030313580123030995,1.6809250090594752,0.7143941414487641,0.34082054351122226,0.4250006024055099,0.24875467008855767,1.3146338966212372,6.116288465962124,0.5148342408749017,0.10964800061528006,0.18733504097617057,0.26222925148330894,0.4407877069252405,-0.17855845544193155,0.9804696855095837,3,2.1497996055787865,Alert,Focused
07:37:25,0.07937980696373254,0.06934518734698711,0.02265509332840662,0.02621505574579131,0.021973312319824054,0.8735872509575376,0.2854012146786575,0.3780371320451887,0.32670029738395295,0.31686859839133086,0.9365355019084431,5.942415256555235,0.7620600759413528,0.11364326835984821,0.11716935586969965,0.4105425970300247,0.35864477874042744,0.051897818289597275,0.6796155779333037,2,2.092328224623862,Resting,Relaxed
07:37:25,0.05747014179352497,0.13318628393803186,0.0282331130165588,0.030653466512569227,0.022992978507589138,2.317486607507164,0.4912657622804014,0.23015482980838697,0.2119821364615514,0.17263773586690936,1.9116874747194472,6.1413664999492745,0.6675104984647535,0.09505845551988464,0.11672242102025225,0.23759526916437176,0.5506238542954914,-0.31302858513111964,1.5540218421263428,3,1.9727094426073486,Alert,Focused
07:37:26,0.05979104320899154,0.13613937556209613,0.029273337416617383,0.03538816767835656,0.01958828113717685,2.276919221600454,0.4895940235445696,0.25994072275008523,0.21502476631579068,0.1438840236801454,1.9258610027332377,6.0542510263893154,0.6016296316618815,0.08002009114038203,0.11958451645944079,0.24425240241633497,0.5561429899838423,-0.3118905875675073,1.5285330237835646,3,1.9673275320217314,Alert,Focused
07:37:26,0.06826625035280565,0.10812973621363478,0.034442240983543024,0.03587996876600119,0.026503277174654227,1.5839413422417568,0.5045280911950293,0.33182332651873103,0.31852700459284,0.24510627790944575,1.4021070799390791,6.171104081122785,0.6905877381161575,0.11166726698477447,0.1451168055225011,0.287628792241828,0.45558713525089645,-0.16795834300906842,1.0527725802821486,3,2.1169284389996443,Alert,Focused
07:37:27,0.06155225404580985,0.12018483519545685,0.019880367303337067,0.031266028766904014,0.03157471681784114,1.9525659467484342,0.322983578936707,0.2601495331424801,0.16541494000474838,0.2627179774094719,1.859807551883451,6.109801876325745,0.7694547597983419,0.1354021293363278,0.08525314986638724,0.26395505971866684,0.5153896610786182,-0.2514346013599513,1.4758625885021615,2,2.0175196450777246,Alert,Focused
07:37:27,0.08122730506560955,0.09454689406422497,0.014897561448307423,0.039944269580856256,0.018006349684071905,1.163979206103869,0.18340583177386285,0.4224810341598575,0.1575679623932186,0.19044887579110037,1.3991152280079555,6.000746050011114,0.8755760609773986,0.08628767847977002,0.07139014930501306,0.3892468882507304,0.45307528396448654,-0.06382839571375615,0.9835739067229797,2,1.9991574352963246,Resting,Focused
07:37:27,0.05357111804765045,0.09854580368076936,0.05182994801087299,0.03922632808138061,0.045696426216304986,1.8395323314535796,0.9674979709173006,0.39805173448532544,0.5259477935638096,0.46370747925842304,1.3071103529000407,6.108006012512942,0.6453413158467788,0.18304687911360004,0.2076160219423301,0.21459065360673155,0.3947464453373383,-0.18015579173060678,0.9349513474057785,3,2.236805592112552,Alert,Focused
07:37:28,6165378.621120826,21110474.531128995,4975773.511137309,18477975.529589303,3696565.6577993548,3.4240353802133967,0.8070507615042051,0.8752989186643876,0.23570164203557592,0.17510575862937086,3.5533533328290337,6.677544270254664,0.0026914650379059883,0.10283036278352002,0.13841512437343836,0.1715073338329502,0.5872471790100915,-0.4157398451771413,1.8948196991228357,3,1.9940692137552707,Acute Stress,Stressed
07:37:28,6.358783306915282,22.123818064125885,5.1619293622476885,19.49696432341627,4.097525189934883,3.479253340818497,0.8117794101638917,0.8812658044332277,0.2333200059449882,0.18520877264756955,3.6126913299604713,6.672634617850816,0.027855080946444854,0.10856656029205769,0.1367686321261426,0.16848004570420197,0.5861847618775977,-0.4177047161733958,1.9203513514396087,3,1.996841968992071,Acute Stress,Stressed
07:37:28,521.0870812617237,1417.1653608381214,357.07706969891876,1389.0254146205862,227.14584227578823,2.719632498673152,0.6852541207398913,0.9801434984263988,0.25196570532018997,0.16028181929415253,3.195519618050265,6.653113718951117,0.0028118374814311764,0.09004878557440799,0.1415581996161558,0.20657766999388605,0.5618153448155501,-0.355237674821664,1.6137818398463113,3,2.002210767510652,Acute Stress,Stressed
07:37:29,0.0845047482149261,0.13653863755312812,0.02496057033496532,0.03447330230700005,0.040040122608897964,1.615751072423304,0.2953747672436296,0.25248019846093933,0.1828095752402172,0.2932512241695548,1.5622334077324993,5.987328482792224,0.6932025942611301,0.13997885496949378,0.08726127262401319,0.29542561620383356,0.47733425620265946,-0.1819086399988259,1.2473118614187977,2,2.039180176684379,Alert,Focused
07:37:29,0.06977160555692032,0.15319904197573872,0.02557094004417263,0.03633004233620354,0.02689358062039157,2.1957218950731687,0.36649493501065594,0.23714275146679392,0.1669131850590956,0.1755466631746337,1.987854375637669,6.087566965475855,0.7165191149369639,0.097640329651494,0.09283832638925307,0.2533140775507683,0.5562072664084846,-0.3028931888577163,1.6068108334958182,2,1.9492969257884578,Alert,Focused
07:37:30,0.06394651013134782,0.15232482485523566,0.02034943495740766,0.040465649930856065,0.020095430869001566,2.382066269798875,0.3182258877866733,0.2656536777200515,0.13359237390718862,0.13192485786935637,2.2870398753253087,6.0549491812636775,0.7216958752800331,0.07827877946682558,0.0792682148339808,0.2490941745352887,0.593358831163905,-0.3442646566286163,1.8070029073396934,3,1.8904969380910421,Alert,Focused
07:37:30,0.05937368407115733,0.14145980117682466,0.022421692834872466,0.03613997138676017,0.017412881120018958,2.382533666047906,0.3776368804738617,0.2554787373240065,0.15850222217437845,0.12309420043827764,2.171242532754439,6.154976239177361,0.6883517460637157,0.07235227299248964,0.09316438961254882,0.24670363100035522,0.5877797063946063,-0.3410760753942511,1.7294140220823968,3,1.8995489117888558,Alert,Focused
07:37:30,0.08102716524169834,0.1362929903944242,0.036321706462945344,0.03460121831395973,0.020667463456357872,1.682065391129898,0.4482657927696254,0.2538737921431305,0.26649724507351685,0.1516399588603009,1.4562794677654636,6.107763054227663,0.6858411913110675,0.07534364139647849,0.13241148980043094,0.29538611229360606,0.49685875650948447,-0.2014726442158784,1.1614242812080628,3,2.0051855052692016,Alert,Focused
07:37:31,0.06420376018912749,0.16909526206609757,0.016321859005538647,0.028455979845597758,0.01972058041527972,2.6337283294309732,0.25421967432216924,0.16828372065489697,0.09652463827850247,0.11662408617676792,2.4532414732839123,5.817473372710571,0.6686821134328457,0.07321776711451539,0.06059913280328943,0.23837310375314597,0.6278099963290491,-0.38943689257590314,2.099867891601464,2,1.7535371888781408,Acute Stress,Stressed
07:37:31,0.06216305097038008,0.12259287803838617,0.037394711845132975,0.038573174440885726,0.030266628915548013,1.9721181011015716,0.6015585023803142,0.3146444969568928,0.30503168245568046,0.2468873347281312,1.618803286837945,6.147208217258855,0.8150885636150209,0.11990712419634732,0.14814640804604431,0.24627099020268517,0.48567547755492324,-0.23940448735223807,1.2313620074363156,3,2.107565730467878,Alert,Focused
07:37:31,0.08586455715408696,0.10993400957832873,0.04062736187412197,0.042644591859709605,0.028152930213240963,1.2803188326127193,0.4731563664995645,0.38791082053024767,0.36956135803611073,0.2560893605284342,1.2062224716627188,6.092936123592715,0.6497916355108776,0.106406575108927,0.15355483070473078,0.3245329484642412,0.4155056457221011,-0.09097269725785989,0.8690922023375282,3,2.14192999042252,Alert,Focused
07:37:32,0.10246370551147624,0.1299518870666859,0.025672499177118266,0.035314024741638805,0.023417220449425645,1.2682723742811635,0.2505521252522228,0.2717469175612442,0.19755387748962974,0.18019915661100713,1.2897574300138845,5.981725331625837,0.7992053894981467,0.08318571420917636,0.09119721036898105,0.3639849802797551,0.4616320951420875,-0.09764711486233235,1.0141620256388575,3,1.978413285637204,Alert,Focused
07:37:32,0.07545786449850098,0.11997867737849642,0.028384116750312507,0.04450384608184573,0.018242704102422205,1.5900089165772757,0.37615849506152377,0.3709312942453063,0.2365763431511185,0.15204955164551442,1.583954172754661,6.116370807223617,0.8356114975045849,0.07536334246000911,0.11725903676717844,0.3117277379260032,0.49564988284680933,-0.1839221449208061,1.155385524718526,3,2.033433921573757,Alert,Focused
07:37:32,0.08107923503749084,0.1271410811772708,0.030412837380048303,0.03962131037505348,0.017108079201734308,1.5681090370238577,0.3751002012535698,0.3116326368171285,0.23920543303894173,0.13455980587329427,1.4957197603076426,5.965465824859794,0.6737200787152962,0.06689605354074715,0.11892035182392091,0.3170362250579815,0.4971473695773504,-0.18011114451936888,1.1403496057686007,3,1.9999624606883613,Alert,Focused
07:37:33,0.07338656208110739,0.1133804258006678,0.022667385235184998,0.0394947302788099,0.03295220579400057,1.5449753004556732,0.30887651079952255,0.3483381721307425,0.1999232678402191,0.2906339922548296,1.5915385969250098,6.1655868792200135,0.8565608829277457,0.13594897020311245,0.093517493159189,0.30276660700783065,0.4677669296298679,-0.16500032262203723,1.180370495934224,2,2.0856394628111254,Alert,Focused
07:37:33,0.11186364547466349,0.15834505784314704,0.027740866830515173,0.041838196213598036,0.024116168296902104,1.4155184838760806,0.24798822452821218,0.264221673751523,0.17519250179563317,0.15230136402988356,1.4339208441794407,5.852568863894989,0.7156574467981838,0.0748796454205992,0.08613417547744814,0.34733171561397735,0.49165446348797515,-0.1443227478739978,1.1342321318731567,3,1.9468512569406042,Alert,Focused
07:37:34,0.04877873809685936,0.10884362325238102,0.02958865857320557,0.032779722406137225,0.018541307992371504,2.2313743138711692,0.6065892585095523,0.301163462099468,0.2718455862554015,0.17034813283805217,1.8071486935576848,6.227762251728756,0.7684470614000126,0.09011469362352831,0.14380716307353486,0.2370750240894189,0.5290031192135181,-0.2919280951240991,1.3888713802659305,3,2.0382283234958694,Alert,Focused
07:37:34,0.0723978732638808,0.11425978651313758,0.043700984808820134,0.03794354909802171,0.04152810293592294,1.5782202067825333,0.6036224938477923,0.33208139325255054,0.38247038737286104,0.3634533566290888,1.3109691789274247,6.131462687463503,0.6440424951856023,0.1527404454775755,0.16073230934259627,0.2662795223518063,0.4202477228280219,-0.15396820047621562,0.9841509577176992,3,2.179039707049003,Alert,Focused
07:37:34,0.08434153416507376,0.10323858197925208,0.02078520712769942,0.037745490375189844,0.025005560715169014,1.2240538780951375,0.24644094198024058,0.36561418852862176,0.20133177664021612,0.24221139263801975,1.341073922265784,5.993344667420149,0.7737311060902436,0.10714944507191025,0.0890651257456777,0.3614055563576723,0.4423798728247396,-0.08097431646706732,0.982029868707443,2,2.051713093593942,Alert,Focused
07:37:35,0.09078386680489582,0.12721253772925556,0.0255403893173778,0.04075996508315097,0.02410661596022981,1.4012681130078852,0.2813318072501451,0.32040839535722304,0.20076943494150717,0.1894987427382004,1.4439899675427719,5.886526321966727,0.7012137132922331,0.0900699029996093,0.09542693143590222,0.3391970938822915,0.47530607168219713,-0.1361089777999056,1.093593446255024,3,2.0172813155153086,Alert,Focused
07:37:35,0.0968468110675185,0.09245308661807564,0.0297323148972702,0.034370955475224146,0.013859385916189336,0.9546322238077649,0.3070035509640248,0.37176644644878987,0.3215935344602891,0.14990722779697513,1.0019269701831306,5.956946859962086,0.727868410495016,0.05951002958247827,0.12766589730539812,0.4158450184192111,0.39697905469291245,0.018865963726298673,0.7303918045064489,2,2.0148322010205835,Resting,Relaxed
07:37:35,0.08155549209243249,0.15268920366556463,0.02590244543255248,0.046998366470541994,0.015253817466572846,1.87221240100558,0.3176051638949765,0.30780412329271545,0.16964163025754356,0.0999010873092462,1.858268606924183,5.870195552786321,0.7576458585723668,0.055387670184416586,0.09405357758685706,0.2961336536012936,0.5544250986274327,-0.2582914450261391,1.42090743852798,3,1.9177985390002097,Alert,Focused
07:37:36,0.08164729646940035,0.11247759007515837,0.03259328828619379,0.039005528211411525,0.02424379513053311,1.3776033615186825,0.3991961729977067,0.34678488564119964,0.2897758412534862,0.21554333724907535,1.3259892937466637,6.078563913754795,0.670189244996217,0.09660346200770202,0.12987341584552337,0.3253373269344179,0.4481857952123567,-0.12284846827793877,0.9845590842930828,3,2.0878815989427615,Alert,Focused
07:37:36,0.07196791731433042,0.12502446291335959,0.036646657159938756,0.04095681908679575,0.019023078306494648,1.7372249688329446,0.5092082490018311,0.32759044216153377,0.2931158935298481,0.15215484924480266,1.5281536078371154,6.128087537650575,0.7555398026113039,0.07529058424225449,0.14504215267596254,0.2848385762804894,0.49482868680129355,-0.20999011052080413,1.151073071412771,3,2.048576393590727,Alert,Focused
07:37:37,0.09247313289135281,0.11794094999113665,0.016922013264297854,0.04573453129030306,0.014698458884617936,1.2754077460499378,0.1829938354546679,0.3877748253998297,0.1434786922232656,0.12462557649164718,1.4961722787616258,5.992988403361856,0.7281612474433192,0.06072876198487746,0.0699156914272102,0.3820658289034553,0.48728971768445706,-0.10522388878100175,1.078108819512968,3,1.9350024441237599,Alert,Focused
07:37:37,0.09721668962763141,0.11588712674082356,0.026967312132662728,0.04791432920413924,0.027389625733002857,1.1920497106485053,0.2773938532154868,0.413456874388624,0.2327032595516319,0.23634743999010818,1.3190115845159596,5.996883809273564,0.8125881746573388,0.10240614856349156,0.10082717447606168,0.36348020443602436,0.4332864725244223,-0.06980626808839796,0.9331813431424882,2,2.0766538851811878,Resting,Focused
07:37:37,0.07209304392624777,0.10655277692603064,0.02430764721977296,0.039817185207020794,0.017040902333614074,1.4779897077870048,0.3371704937946584,0.3736851009961199,0.22812776842641486,0.15992921841393148,1.5183339668942444,6.113489833279505,0.7753553779314752,0.07746062911605861,0.11049213293481154,0.32770403985024504,0.48434319809888465,-0.1566391582486396,1.1052998724330878,3,2.032859583846757,Alert,Focused
07:37:38,0.07907770337808971,0.13524656226436457,0.028460385021331504,0.044143062828365595,0.025372336389852493,1.7102995722791532,0.3599040412852595,0.3263895369264896,0.21043333408874665,0.18760060119130822,1.6681341432469836,6.0634592878623605,0.692226287224643,0.09461747265521511,0.10613329652170762,0.29489331695941284,0.5043559138636645,-0.20946259690425167,1.2576502579418598,3,2.032771821807577,Alert,Focused
07:37:38,0.08478449293932512,0.09465126327406373,0.02629824363479226,0.03856423484351888,0.02442496089618513,1.1163747047682366,0.31017751858954024,0.40743497244041776,0.2778435567061099,0.2580521384639357,1.1992349395692001,6.051876246331165,0.7815219813518646,0.10612213757479348,0.11426121994007994,0.36837363474843743,0.4112430077366891,-0.042869372988251664,0.8520712949812455,3,2.099879170722403,Resting,Focused
07:37:38,0.06683642181523686,0.12317621188179559,0.01617562779580242,0.035924248378762236,0.016233273591444487,1.8429504233830007,0.24201815950767763,0.2916492383548575,0.13132103633228423,0.1317890308805935,1.9165716836814082,6.039208022891894,0.7214796097994658,0.07298427099378403,0.07272509736826155,0.30049438238932835,0.553796249248626,-0.2533018668592977,1.4838174535081206,2,1.9110553610451007,Alert,Focused
07:37:39,0.09920118240941425,0.13535682416691416,0.021342740634298613,0.03544210879927098,0.019702963508885972,1.3644678508798573,0.2151460306815171,0.2618420535307909,0.15767761075703124,0.1455631338142909,1.4168903065643736,5.851199831233416,0.6654221062323868,0.07149019676639275,0.0774399610897094,0.35994138885297206,0.4911284532909258,-0.13118706443795375,1.1228745329890841,3,1.9226024453114645,Alert,Focused
07:37:39,0.09087975868133126,0.12133038994177811,0.02734971289886848,0.03301577769218117,0.02749021003165202,1.3350650541142126,0.30094394280655945,0.27211465905635185,0.22541518997831111,0.22657316147128131,1.3054685951181464,5.914765716773716,0.789912469302686,0.10294028333982808,0.10241417551305926,0.3403098083914218,0.4543357327556909,-0.11402592436426912,1.0262192844209,2,2.0313439209836193,Alert,Focused
07:37:40,0.06620203867055519,0.1553114137378206,0.030423962151226638,0.04066054935513139,0.019919297966270517,2.346021615900762,0.4595623150312192,0.2618001367482881,0.19589005997064052,0.12825392214828496,2.0281283846779155,6.112357595191139,0.6849586527316066,0.07327131186571226,0.11191175626509924,0.24351813150192003,0.5712988003672687,-0.3277806688653486,1.6073293429056739,3,1.9387413897595605,Alert,Focused
07:37:40,0.08777459007218993,0.1298684758867625,0.02754245702991679,0.047278749452724284,0.01948236935057323,1.4795680137036538,0.31378622226847863,0.36405100722017025,0.21207962010682374,0.1500161545559423,1.536162203498246,6.120520559617081,0.6992473437910416,0.07361062642833403,0.10406421718352213,0.33164049215163993,0.49068466423650403,-0.1590441720848641,1.1261765105315418,3,2.0126816364231987,Alert,Focused
07:37:40,0.06820629274863559,0.13173347211683753,0.019731482645282628,0.03680049701855444,0.013425227160316426,1.9313976292821275,0.2892912347252203,0.27935570532837095,0.14978336430533243,0.10191204213010703,1.9164921092026905,6.074243071317535,0.7450179778967237,0.05759515316248809,0.08464942540691008,0.2926097138315072,0.5651457075990947,-0.27253599376758747,1.4980134932143725,3,1.8897596590728603,Alert,Focused
07:37:41,0.08248434935993341,0.11917872228915691,0.02367912469824465,0.03948569026092693,0.018345755416880962,1.4448646708614,0.2870741526361209,0.3313149319148172,0.19868584125942604,0.1539348221268025,1.494515128131618,5.939664167416237,0.6653511025397066,0.07528380161622304,0.09716986222263362,0.3384834940044243,0.4890628421567191,-0.1505793481522948,1.1225857175522487,3,1.99529609540991,Alert,Focused
07:37:41,0.08902325210499132,0.10390811749147041,0.02382956990611633,0.04224918945154432,0.021836193070046413,1.1672019953722241,0.26767804301299236,0.4066014327996315,0.22933309236472738,0.2101490585837906,1.295102853748535,5.929243569746558,0.6817532555936976,0.09151909260015892,0.09987366423552074,0.3731111566392958,0.4354960865250245,-0.06238492988572869,0.9207319312698443,3,2.0557300660871625,Resting,Focused
07:37:41,0.09995070467539213,0.09822541149085907,0.023547770819373086,0.033731849319092504,0.01940792457719224,0.9827385590713317,0.23559384494435234,0.3434126547001701,0.23973196408105105,0.19758557671197288,1.0684843824745218,5.750204180943144,0.7032431532986098,0.0804867862577159,0.09765518148250932,0.41450650591307103,0.4073515263467038,0.007154979566367237,0.7953508393241926,2,2.0063608355226603,Resting,Relaxed
07:37:42,0.08196251553942868,0.08093813454369779,0.03490389577771772,0.03418604254678173,0.01874500971351636,0.9875018355770436,0.42585193424092677,0.42237250388227054,0.4312416634568395,0.23159675991044856,0.9850836584209416,5.920899692848266,0.745772380007256,0.08656221742777738,0.16118202452616964,0.3784931136064314,0.37376264443962154,0.004730469166809859,0.692563766335627,2,2.1215586670286672,Resting,Relaxed
07:37:42,0.07060951634079601,0.1446822713474743,0.017648244893714627,0.038964613172761633,0.01904854887143153,2.04904776077444,0.24994144993906456,0.269311594363782,0.12197931874686947,0.1316577953471841,2.0807779528229653,6.0182047000813155,0.7318906199557003,0.07559290489102148,0.07003589127699085,0.2802091901685996,0.5741620136633881,-0.2939528234947886,1.6392964202504707,2,1.888147614937978,Alert,Focused
07:37:42,0.06801412733202557,0.0912164687452368,0.02352072245799654,0.042399230977217026,0.020987934560682223,1.3411400296286096,0.34582113129490116,0.4648199120230803,0.2578560953032372,0.23008931226334262,1.4597089558786032,6.008142551749194,0.6215175217769462,0.10301370129593519,0.11544521784872055,0.3338292758931319,0.44771180496221225,-0.11388252906908036,0.9965108638252886,3,2.1071046586992677,Alert,Focused
07:37:43,753.8575971576007,2572.4683343284933,600.2682495359857,2263.9562652388067,420.8787301607684,3.4124061945225654,0.796262121386427,0.8800715775690124,0.23334329971166673,0.16360890610170828,3.5716212106909673,6.675608967133971,0.002778878903658844,0.09680997185241966,0.13807291311509667,0.17340133281071862,0.5917157822217652,-0.4183144494110466,1.899726187717373,3,1.9837066682565014,Acute Stress,Stressed
07:37:43,0.09546432938826574,0.06250354715480043,0.029994072561136797,0.03597291274148988,0.011061615569060775,0.6547319564838762,0.31419141320468547,0.5755339397362037,0.4798779257575812,0.1769758049357558,0.7849269035732023,5.769395361755102,0.7399873455597191,0.05557942642229623,0.15070613678524933,0.47966344862222315,0.3140509881702314,0.16561246045199174,0.49819739440498817,2,2.0372184320986557,Resting,Relaxed
07:37:44,0.07577302543875208,0.09379617171019129,0.030204868974295494,0.043328964819678226,0.019119997356451802,1.2378570232226962,0.3986229769683714,0.46194811610813724,0.3220266714895532,0.20384624455173095,1.2938909892325445,5.944184194680065,0.8262875922486507,0.08734817679615045,0.13798852510725101,0.34616299882332086,0.42850029927327765,-0.0823373004499568,0.8850457652881835,3,2.1118586685043343,Alert,Focused
07:37:44,0.05847694966374067,0.09479583484662103,0.016944363210272397,0.04154748693564364,0.012390179546455209,1.6210803640019604,0.28976140697672115,0.43828388665880913,0.1787458619641702,0.13070383911384323,1.8077319109799148,5.97972626570793,0.7066552381940403,0.06785149167827642,0.09279125577194854,0.32023331450555526,0.5191239380442197,-0.1988906235386645,1.2568672483561978,3,1.994039649984066,Alert,Focused
07:37:44,0.07804514438768598,0.08142343513178175,0.03339983627365731,0.037272460840871144,0.011940558402193536,1.0432863667637573,0.42795533963964527,0.4577608495704783,0.41019930219844597,0.14664768666254435,1.0650531788431232,5.882493484339294,0.7837158548217167,0.05830095311549325,0.16307799208937565,0.3810631086568368,0.3975579461382942,-0.016494837481457414,0.7306089878576006,3,2.079239672443235,Resting,Focused
07:37:45,0.08358532110087602,0.09763306284759837,0.0302054540271808,0.04432917401475069,0.014580056658253657,1.1680646979840952,0.3613727102959497,0.4540385472075879,0.30937730668483077,0.1493352378078376,1.2475614929338286,5.80063034955591,0.7367154759176626,0.06451241330097908,0.13365014826894436,0.3698401801272993,0.43199725830277724,-0.06215707817547794,0.8579975374997528,3,2.0624616779338605,Resting,Focused
07:37:45,0.06574133535533785,0.0769169880406908,0.01776923241509552,0.044432920189473216,0.021106040117679498,1.1699943060929252,0.2702901046814947,0.5776736884960603,0.23101830775920656,0.2744002418102218,1.453091008466578,5.929088259475347,0.7538524132562658,0.11626520154405554,0.09788398849359267,0.36214418063486825,0.4237066293274836,-0.061562448692615346,0.9210339369047585,2,2.116791678705437,Alert,Focused
07:37:45,0.06927458162989669,0.0856424692742574,0.014428686415883355,0.03559903730914929,0.005723250677931,1.2362755177910283,0.2082825486116887,0.41567037488315073,0.16847583375576913,0.06682724968617068,1.4484507112241463,5.847412593506854,0.8382372652086465,0.03269140207743369,0.08241714641116672,0.3956987609404618,0.4891926905709378,-0.09349392963047598,1.0231553452855868,3,1.8952318236775674,Alert,Focused
07:37:46,0.08640033866335683,0.0622737284533664,0.020729516511167133,0.048080223079992566,0.0137585628753945,0.7207579208225633,0.23992401918626632,0.7720787605642945,0.3328773951071583,0.22093687365608086,1.0300856028226821,5.733739759433704,0.8093025622783073,0.07511684667414481,0.1131757675202576,0.47171503671915804,0.33999234908643944,0.1317226876327186,0.5812865803406306,2,2.065656639176706,Resting,Relaxed
07:37:46,0.08533522311533125,0.09238599528150945,0.013952721325770981,0.035052279734848715,0.013506071798180586,1.0826244065319783,0.16350483207753222,0.37941118270188984,0.1510263680469711,0.1461917659384003,1.2835092137771091,5.573684568876641,0.6846485775235606,0.06582547538658232,0.06800234205249112,0.41590417352464015,0.45026800903628655,-0.0343638355116464,0.930476155241155,3,1.9377269761663054,Resting,Focused
07:37:47,0.08110146557306694,0.0981369906980991,0.027500793558315403,0.03698653255484017,0.017840343292155503,1.2100520009676559,0.33909120339556686,0.37688676096277113,0.2802286208562954,0.18179020128137136,1.2441939987222128,5.925016214744051,0.6778996421574949,0.0794388441272703,0.12245455241973123,0.3611257124735314,0.436980890979467,-0.0758551785059356,0.9036284130237591,3,2.0593901471035303,Alert,Focused
07:37:47,0.06872276679662097,0.08943648297675535,0.01697016131265517,0.036899823266880294,0.012072065892436881,1.301409811415696,0.24693652633161411,0.4125813318986459,0.18974540084571231,0.13497921083921005,1.474273720800063,5.965527968259238,0.8256187022573973,0.06448702268425689,0.09065185588576875,0.3671059005828537,0.47775522084712085,-0.11064932026426716,1.0436735128153622,3,1.9892936380356598,Alert,Focused
07:37:47,0.06898147633614163,0.13170402594850134,0.02434950637187501,0.030712626657778748,0.018775317590932768,1.9092665588471514,0.35298615896855656,0.2331942887591602,0.18488050153756203,0.14255689950035588,1.7402036032427446,5.817808520705413,0.6230361270192969,0.07700788510441149,0.09987069352904246,0.282930905338809,0.540190516027737,-0.25725961068892805,1.4111349842478893,3,1.9372764869800645,Alert,Focused
07:37:48,0.052954772758201964,0.12015313075646332,0.026021048151954943,0.03804558910144602,0.018130887563525922,2.2689764207864203,0.4913824910696957,0.3166425116176131,0.2165657106737954,0.1508981701049069,2.003103164128046,6.030228866908095,0.6139410981710672,0.08345254984893752,0.11976925070072665,0.24373935351257572,0.5530388459377601,-0.3092994924251844,1.5213720857813218,3,1.9984715244266673,Alert,Focused
07:37:48,0.08739941005879516,0.10291765333044196,0.026127528840836602,0.04275711695526892,0.02240398091923925,1.1775554693241912,0.2989439954258289,0.4154497850624992,0.2538682917394926,0.21768841587658302,1.2831622920107764,5.950167927397484,0.710491447209447,0.09379993618481322,0.10938951192521183,0.3659197495149305,0.4308908023750444,-0.0649710528601139,0.9065403135824549,3,2.076285510374299,Resting,Focused
07:37:48,0.08850163049871783,0.06336816538510782,0.043652953289829446,0.03534283804995675,0.02239440923631279,0.7160112760411332,0.49324462209158815,0.5577380666643488,0.6888782880889328,0.35340157159695373,0.7469302514905841,5.737157902672538,0.6918987805666639,0.10276569958838283,0.20031902769081214,0.4061251126091667,0.2907901601116384,0.11533495249752834,0.47949669297741293,2,2.173291460327981,Resting,Relaxed
07:37:49,0.08288664365232092,0.06811958011179779,0.02707233951323125,0.03529325702842323,0.02281576093869773,0.8218402520620145,0.3266188413514461,0.5181073777979837,0.3974237578798952,0.33493689921829417,0.9404588302321403,5.806888515627762,0.7497938539778226,0.11357095840179632,0.13475910590742654,0.41258827981213736,0.3390816558786399,0.07350662393349744,0.6194942755605843,2,2.141241666259057,Resting,Relaxed
07:37:49,0.07976094902659854,0.08074193801399793,0.018528940201507096,0.0334940655188714,0.027451738826938243,1.0122991137815105,0.23230591445605916,0.41482860509323743,0.22948347113361092,0.33999355851700064,1.1622237262271538,5.822736333681862,0.6223960637814103,0.13294878304145147,0.08973566542972038,0.3862823107187568,0.3910332408100715,-0.00475093009131472,0.8214590248198741,2,2.0965495346470124,Resting,Relaxed
07:37:50,0.06802762172322063,0.1377952712997488,0.0494134198976542,0.03695974519609243,0.0367080862625278,2.025578254968064,0.7263728856889813,0.2682221592038028,0.3586002584237031,0.26639583431477826,1.4880107164688396,6.012027723665829,0.46549938835176224,0.12573656615860943,0.1692562694674429,0.2330156766615806,0.47199148771236704,-0.23897581105078644,1.1733044606341063,3,2.1143720365537244,Alert,Focused
07:37:50,0.053799782658247704,0.18037880051164448,0.020078936473931462,0.03727707883383455,0.017844645993168463,3.3527793533565835,0.3732159403222661,0.20665997738147782,0.11131538970753524,0.09892873188286053,2.946084282698315,5.9603097596115235,0.7032098184759593,0.06558068345907532,0.073791902489738,0.19771905354851632,0.6629083605026703,-0.465189306954154,2.441519846453753,3,1.753991576416935,Acute Stress,Stressed
07:37:50,0.09081841330345941,0.0993159118957736,0.05125441727591561,0.0378926927196625,0.016273530021649933,1.0935658120773457,0.5643615144943658,0.3815369762644754,0.5160745775531338,0.1638562211333072,0.9657556501144609,5.732741329621752,0.6682264166833854,0.06315837341631818,0.19892092380948959,0.35247074561367076,0.3854499571605214,-0.03297921154685063,0.6990443735539806,3,2.1003868263531773,Resting,Relaxed
07:37:51,0.100453123896257,0.10166374048877753,0.028370096799973068,0.037974980776571174,0.02704889431455796,1.01205155743858,0.28242124982864936,0.3735351521987641,0.27905816433249164,0.2660623560033563,1.0839477274589493,5.827947770829292,0.6672929594855129,0.10502962495101419,0.11015979404087646,0.39005490595241193,0.3947556750556973,-0.004700769103285374,0.7891663534957649,3,2.0794672351269035,Resting,Relaxed
07:37:51,0.08621686143314776,0.09616711041788784,0.06580091206161326,0.0356819149579959,0.026094690414119576,1.1154095477304686,0.7632023593509611,0.37104073110798996,0.6842350963409396,0.27134734838893276,0.8673206758928863,5.917854044935075,0.6651313910624942,0.09513902184721619,0.23990452888489625,0.31433934387848944,0.35061710538939816,-0.036277761510908724,0.6326002256635889,3,2.17159669954049,Resting,Relaxed
07:37:51,0.12772580867367597,0.0907926738292563,0.04753053870725847,0.04112715731011872,0.039341240603404944,0.7108404696909818,0.3721294795532926,0.4529788095839318,0.5235063216294729,0.4333085362965479,0.7527206882381815,5.769103023397026,0.6201197585325124,0.12882283924108254,0.15563868482574664,0.4182379880588247,0.29730048787434615,0.12093750018447852,0.5180534521723184,2,2.151436318145989,Resting,Relaxed
07:37:52,0.08312906054312866,0.1117668208393957,0.03078893989576855,0.042213108956188294,0.01815254762401161,1.3444975813411162,0.37037516958097666,0.37768909090513353,0.2754747756493046,0.1624144579552466,1.3516615244370431,6.0147927942957,0.704872305591767,0.07444530633565269,0.12626834038758186,0.34092010144858076,0.45836625182818475,-0.11744615037960399,0.9811078082566579,3,2.0537938232643373,Alert,Focused
07:37:52,0.07639625699872814,0.13958174637362522,0.025810513952904082,0.036911593277130464,0.015412186896508754,1.8270757214708702,0.3378505042902008,0.26444427180562285,0.1849132470646687,0.11041692267736934,1.7268094001803214,5.9790987703333345,0.6971559636289119,0.05992280209007478,0.10035164573519006,0.2970297349297185,0.5426958172450168,-0.2456660823152983,1.3656666716631507,3,1.9222354980303216,Alert,Focused
07:37:52,0.11303985507003585,0.11091593260223052,0.02860667117879149,0.04636114639281305,0.030215766144446158,0.9812108528758339,0.2530671254051743,0.41798455194957923,0.25791309244436006,0.2724204308213022,1.110341162744772,5.9654247503066165,0.7457740801600186,0.10685322798432081,0.10116292079860928,0.39974738179303976,0.3922364694240301,0.007510912369009637,0.783041790700872,1,2.079247087952384,Resting,Relaxed
07:37:53,0.08418137986401379,0.08949612818019649,0.04293769092728268,0.031214694671630103,0.01530805903246983,1.0631344879920965,0.5100616192873534,0.3487826267610225,0.4797714917993943,0.17104716532147324,0.9495811487550815,5.871735365212516,0.6954803448338649,0.06600484644885538,0.18513749460413764,0.36297084039141697,0.3858868185555901,-0.022915978164173123,0.7040283066482057,3,2.085541093907545,Resting,Relaxed
07:37:53,0.08453472818124037,0.09849645283033341,0.03815790947082466,0.04490832814887137,0.024413171609629247,1.1651596326087361,0.4513873799773159,0.4559385323878506,0.38740389500679945,0.24785838381086203,1.1688037271001164,5.992457579438606,0.6531747426221083,0.09940124900185805,0.15536464992544252,0.3441936057965339,0.4010404952761656,-0.05684688947963168,0.802783703500991,3,2.1485845578855374,Resting,Focused
07:37:54,0.0962621061853322,0.11740044473264542,0.022970678548553503,0.03311608701053889,0.021852796514008142,1.2195914818923228,0.23862638642383693,0.28207803714844304,0.19566091594341353,0.18613895853438414,1.2623647909786444,5.888705693108061,0.7163337708101437,0.0845415005747869,0.08886622965948227,0.37240738960712527,0.45418488015860553,-0.08177749055148026,0.9846239888691611,3,1.981632208442044,Alert,Focused
07:37:54,0.07536039633041106,0.13021991295900162,0.04294386853758084,0.047218784652106,0.024424637044207977,1.7279621565160541,0.5698466386681037,0.36260801884403304,0.32977958256738554,0.18756453209961688,1.4998377105963825,6.180482219118507,0.6256670060502061,0.08948431249182534,0.15733304633634368,0.27609717362565567,0.47708546754617537,-0.2009882939205197,1.10071105545729,3,2.098311229628149,Alert,Focused
07:37:54,0.08445692594932226,0.10525015109893805,0.053890540832428564,0.041351606925136036,0.030379723504221905,1.2461991709489002,0.6380831438828969,0.39288881292212474,0.5120234058549709,0.2886430393402868,1.0596558200774506,6.073884114722627,0.7828925220988449,0.11088407293339426,0.1966970719550043,0.3082624479907947,0.38415640712080684,-0.07589395913001212,0.7607612396960897,3,2.182583912161512,Alert,Focused
07:37:55,0.12718501174879324,0.10329069095467174,0.043355496515029464,0.0397658613333122,0.022695231713448706,0.8121294288880843,0.3408852656369773,0.38498978916467036,0.4197425355016326,0.21972194690234303,0.8388371472983553,5.694870061658647,0.7297630338459739,0.07653696043931264,0.14621123782716064,0.42891627349733263,0.34833552823619407,0.08058074526113856,0.6056630553242445,2,2.061311242706102,Resting,Relaxed
07:37:55,0.13236208555385948,0.1213222873535251,0.05816378276796537,0.037435180436398666,0.03149134727644959,0.916593953969982,0.4394293314779929,0.3085597976513172,0.4794154811677756,0.2595677015607684,0.8332550111607442,5.835219716885831,0.6774449592908274,0.0917207225085037,0.16940603183703806,0.38551370994569606,0.35335953570876233,0.03215417423693373,0.6367725897252238,2,2.096134832856521,Resting,Relaxed
07:37:55,0.0679497011438095,0.13902205718140673,0.03458502092487452,0.042545752473303486,0.015981475125449996,2.045955388194849,0.5089797356382539,0.3060359869210286,0.24877362359661612,0.11495639936183746,1.7707761352973765,6.107654094361022,0.7468522708401986,0.06205476217193701,0.13429081053893782,0.2638431378226461,0.539811289466479,-0.2759681516438329,1.3558402318392235,3,1.9836266147894024,Alert,Focused
07:37:56,0.09634588613410089,0.1159024182237976,0.02979737852190478,0.03904029293270856,0.025622542681994036,1.202982533810282,0.3092750476178165,0.3368376046936753,0.2570902227800684,0.22106995759587267,1.228297708017353,5.966460833224383,0.7316055060476786,0.09572500668772314,0.11132206095573856,0.35994517441091356,0.4330077579456247,-0.07306258353471112,0.9188084653698881,3,2.059822630486021,Alert,Focused
07:37:56,0.07974231320342401,0.1257792796392213,0.03188195212004396,0.035885202415462246,0.0259867005635704,1.5773216826348668,0.3998122306624408,0.2853029729411194,0.253475391268677,0.20660557635652937,1.4482785916451066,6.139908928537119,0.6981659207818627,0.09866234989700695,0.1210445438339719,0.3027534791354823,0.4775396271335389,-0.17478614799805664,1.1267993789285768,3,2.0512150492412005,Alert,Focused
07:37:57,0.0651685775379395,0.10153197840339274,0.035195265762149326,0.047977714244935625,0.029960212445247065,1.5579897895467087,0.5400649682994773,0.4725379629097469,0.3466421743730472,0.29508153900255263,1.4896619945023721,6.145293103275452,0.7669610268606609,0.12921903264345708,0.1517979287939197,0.28107345912824433,0.43790957943437886,-0.15683612030613453,1.0116289236841054,3,2.177792094558457,Alert,Focused
07:37:57,0.07599489369087356,0.1470908426367093,0.030665131238752884,0.04772100532715495,0.019758399227333592,1.9355358694892661,0.40351568045466646,0.3244321976250973,0.20847750063197898,0.13432786754872061,1.8264576783543807,6.1439605061058264,0.6297422922140727,0.0722403283038998,0.11211733919745444,0.27785125740621724,0.5377910750924285,-0.25993981768621127,1.379049589423671,3,1.9876275340398086,Alert,Focused
07:37:57,0.08687675442426947,0.11011154895316659,0.059497718509240745,0.04672852224019182,0.016408168056267228,1.2674454712641332,0.6848519941097126,0.4243743974582241,0.540340400937841,0.1490140517707735,1.0714914736063852,6.022884220976808,0.7917114262829008,0.06012648367375577,0.21802486348896022,0.3183532578778369,0.4034953949594472,-0.08514213708161028,0.7522540952143246,3,2.117436390502245,Alert,Focused
07:37:58,0.11386932212787479,0.14099257566857226,0.037842831000956756,0.04183167541695383,0.016707137001312877,1.2381963204298183,0.3323356132607816,0.29669417143840615,0.2684030050625712,0.11849657275987303,1.205065265041823,5.877738096419208,0.6798945150797595,0.053996432742438705,0.1223056876091974,0.36801860146485393,0.4556792781835099,-0.08766067671865596,0.9293365325341594,3,1.9763522700516962,Alert,Focused
07:37:58,0.08377156547878496,0.12725127058172364,0.06057651978267648,0.03403491527005805,0.03096787299841655,1.5190270093967608,0.7231155277624292,0.2674622824154833,0.4760386242569804,0.24336002978082866,1.1173343118845669,6.07871560560215,0.7109486757192968,0.102350387108938,0.20020846280873725,0.27686926240991094,0.420571887672414,-0.14370262526250305,0.8815523170876469,3,2.1261402563426355,Alert,Focused
07:37:58,0.0782181210332643,0.08128545436715572,0.02672507860578059,0.031191630302332733,0.038573236769162036,1.039215124236837,0.34167374839412284,0.3837295435594693,0.32878057721209164,0.4745404583079747,1.0717799083356,5.938185330590448,0.6490846792773666,0.1715876883246816,0.1188828017131142,0.3479424517448796,0.36158705821732473,-0.013644606472445142,0.7745588097935538,2,2.169943712929332,Resting,Focused
07:37:59,0.08844684133196185,0.07642438548617944,0.04264854702383836,0.03483144242336729,0.04930528033120408,0.8640713940178,0.4821941222724767,0.45576346086114355,0.5580489362462836,0.6451511519202261,0.8486566968389282,5.898846841000762,0.7263134485903948,0.19198002504053308,0.16606069513404773,0.34438556478341037,0.29757371504200875,0.04681184974140162,0.5829633176374087,1,2.233579393654093,Resting,Relaxed
07:37:59,0.08891278608143843,0.060968009136430155,0.03206994069662644,0.019048055689626555,0.044547043757281884,0.6857057553070866,0.36068986374189677,0.3124270573933632,0.5260125949801389,0.7306625948306344,0.6613787404056405,5.587201413715696,0.625009052033878,0.19667761786378665,0.14159053012837353,0.3925547800525196,0.2691770719553202,0.12337770809719939,0.5039356181205359,1,2.1461466004419654,Resting,Relaxed
07:37:59,0.07889273590879614,0.052785044223361714,0.023177637799838988,0.023136464642085096,0.026080887382516814,0.6690735669806636,0.2937867160118958,0.43831477234692384,0.43909478794338075,0.4940961548152664,0.7438080443804582,5.470046729165788,0.6454951566774066,0.1441440253639619,0.12809832586970488,0.4360249081667736,0.29173274059955945,0.14429216756721414,0.5171385698603188,1,2.1265121719254907,Resting,Relaxed
07:38:00,0.10986619778367683,0.0682345726445203,0.03861189734349569,0.027287566258787657,0.0300550733478751,0.6210697559487048,0.35144474026052425,0.39990821663010784,0.5658699959132298,0.4404669390171483,0.6433372914988008,5.531363574247889,0.5772866440302069,0.12179498507996767,0.15647060336296884,0.4452210701659042,0.2765133413911593,0.16870772877474488,0.45955676511954296,2,2.1075293513064355,Resting,Relaxed
07:38:00,0.08077951244039414,0.05551576817359801,0.02003376521432993,0.030377630448021678,0.029167169047783062,0.6872505972917597,0.24800552280025848,0.5471892301486438,0.3608662164537519,0.525385309567855,0.8519963701549649,5.587563467458958,0.6224359003621504,0.1572386211075203,0.1080009380660985,0.4354779556787594,0.2992824851476219,0.1361954705311375,0.5506736690980655,1,2.1410760025240947,Resting,Relaxed
07:38:01,0.09575580971568623,0.03556249082771049,0.034207360798404945,0.02055161689855571,0.018676989642710504,0.37138729162544826,0.35723535626686126,0.5779015029662032,0.9618944005955392,0.5251878934238569,0.43176598214953493,5.12825300116567,0.4912253355491445,0.10139370710946431,0.1857050407015104,0.5198394768147904,0.193061775374235,0.3267777014405554,0.273633038144576,2,2.0306920157062307,Resting,Relaxed
07:38:01,0.10538803272067897,0.05145163080045431,0.022732460056295666,0.018286725268004386,0.007689400932302508,0.48821132221740965,0.21570248034277198,0.3554158533657774,0.44182195399129975,0.14944911973975003,0.544314264194959,5.397973413536651,0.6312734214188606,0.04106236426534545,0.12139418450112172,0.56278529717514,0.27475815405839293,0.2880271431167471,0.40158469656623413,2,1.833514363781379,Resting,Relaxed
07:38:01,0.10783069566296988,0.041411451860395576,0.02182569986839078,0.019877142168190014,0.027218574901928548,0.38404140496161776,0.20240711361640543,0.4799914341375652,0.5270450295239248,0.6572716888479685,0.4726964765674436,5.105144184109069,0.600255500813611,0.1372689798276492,0.11007158037308491,0.5438128058171342,0.20884663398213166,0.33496617183500255,0.31939135974992844,1,1.9793479793401474,Resting,Relaxed
07:38:02,0.08838429985512891,0.03950260567094442,0.02212776971869747,0.02935391868274014,0.026986864231729493,0.44694143344115767,0.25035860164041795,0.7430881630254329,0.5601597500433557,0.6831666866871847,0.6230622732606854,5.439526450465362,0.5134839759161351,0.15246683340464626,0.12501456080067186,0.4993419837846285,0.2231766220100532,0.2761653617745753,0.3574473663909532,1,2.109963683756301,Resting,Relaxed
07:38:02,0.10078531320650687,0.058182521552403846,0.04649958216496988,0.020666678672955383,0.025072923090246002,0.5772916678166109,0.4613726016775209,0.3552042455626698,0.7992019067631613,0.4309356559540534,0.5353479369255957,5.398840280419225,0.5498733701665423,0.10875720530606328,0.20169824579125967,0.437169968606497,0.25237458029618004,0.18479538831031694,0.39503118343856986,2,2.0961363390581162,Resting,Relaxed
07:38:02,0.08549930813965163,0.05673417638797319,0.05157177140242705,0.03414468219053221,0.014471252879424041,0.6635629880806233,0.6031834938148446,0.6018362187376423,0.9090071397134004,0.25507117227653514,0.663000509528326,5.669213059155382,0.5996972420865664,0.06948096529053037,0.24761204082599209,0.41050864847107366,0.2723983454124038,0.13811030305866984,0.41390031126329274,2,2.1366613720026346,Resting,Relaxed
07:38:03,0.09370367947138793,0.04791872010434553,0.034330396393354376,0.025109424298098086,0.02336101954221891,0.5113856827679572,0.36637191396349633,0.5240003122667091,0.7164297443378733,0.4875134288092224,0.5703760778772169,5.4084704380294095,0.6281808261164646,0.11720722661542583,0.172242934115156,0.47013138166567414,0.24041845760374383,0.2297129240619303,0.37426244160598154,2,2.109395758825547,Resting,Relaxed
07:38:03,0.08302428762227243,0.07657870855797157,0.07302058451875135,0.03254192165782592,0.02078073475303919,0.9223651385769706,0.8795087149794772,0.42494738120571796,0.9535363796775621,0.2713643928495839,0.6992855928747772,5.618976424153723,0.6681839501483435,0.08200623859135761,0.2881584095696784,0.32763565006448214,0.3021997017744819,0.025435948290000232,0.4907448528261284,2,2.1616625411596457,Resting,Relaxed
07:38:04,0.1172888027089671,0.06497643323073297,0.03391105294735224,0.029438867902326128,0.021528170568506044,0.5539866699122279,0.2891243849721695,0.4530699276426571,0.5218977290879175,0.3313227503894983,0.624436288559542,5.361285878060721,0.6420395460869353,0.09056696125017794,0.14266056692845644,0.493422811577061,0.2733496602443047,0.22007315133275634,0.42973588309860417,2,2.0389109714290004,Resting,Relaxed
07:38:04,0.09133808615173704,0.06691642508810174,0.040208148760950205,0.03230839495225956,0.027421401015427924,0.7326234641804912,0.44021229757489877,0.4828171096964988,0.6008711419955924,0.4097858034006611,0.7542904273603354,5.683319254998204,0.6265484095566353,0.12139590944161066,0.17800347921876408,0.4043582612284432,0.29624235011118205,0.10811591111726115,0.5086874317998142,2,2.171807038639772,Resting,Relaxed
07:38:04,0.09349919387607562,0.07554828506252041,0.04974026884164665,0.031608556005318894,0.03386582637392873,0.8080100151735271,0.5319860715331161,0.4183887957107306,0.6583904426220106,0.44826730806533693,0.7480905816327095,5.8364379849140695,0.6369397197415203,0.13404055924126176,0.19687142368029478,0.3700687559599755,0.2990192611184681,0.07104949484150741,0.5274227940145664,2,2.1937903801792644,Resting,Relaxed
07:38:05,0.0876527628521028,0.0689695126730719,0.048236971061785705,0.034678924048273004,0.03265456702534005,0.7868492723891055,0.5503188889000148,0.5028152687210862,0.6993955617815913,0.4734637923299338,0.762733659139887,5.775877571511799,0.6306028551261758,0.13748491731366366,0.20309122374046032,0.3690428001597436,0.2903810587861323,0.07866174137361132,0.5075365382659324,2,2.21642090939773,Resting,Relaxed
07:38:05,0.09326531073071279,0.04829587793195542,0.034164550684668546,0.028274261899539355,0.03864748861768365,0.5178332388920173,0.3663157332238209,0.5854384082089835,0.7074009656228498,0.8002233373236224,0.6008759493660026,5.512978130951893,0.5334084900922976,0.18028132050140988,0.15936948381559674,0.4350604392910995,0.22528875639189389,0.2097716828992056,0.3789967155171875,1,2.175488010251098,Resting,Relaxed
07:38:05,0.08060995206578161,0.049656559457732924,0.018701056265095564,0.02712450598636143,0.04224441404479471,0.6160102839065178,0.231994385132925,0.5462421537571384,0.3766079742398118,0.8507317966874579,0.773129722523417,5.496937854220262,0.6340703727209362,0.22092974320825012,0.09780274272450684,0.4215737491597874,0.25969376490745577,0.16187998425233163,0.5000055913912493,1,2.15261207270731,Resting,Relaxed
07:38:06,0.07578696845627052,0.05550866363303365,0.03413343970430997,0.02977634570268813,0.039746465132340474,0.7324301890378746,0.4503866614483353,0.5364269963250923,0.6149209415302315,0.7160407498747102,0.7758726053721198,5.6716116882489915,0.5095785303504664,0.1937193182376537,0.16636213174199377,0.36937624042198125,0.27054230959837117,0.09883393082361008,0.5049850121274184,1,2.233985887357032,Resting,Relaxed
07:38:06,0.0906934426976031,0.09268977175965058,0.04553862857424025,0.023792661486054835,0.02672387698070597,1.0220118346229705,0.5021159989049988,0.25669133750539863,0.4913015504269909,0.28831527441886873,0.8550231757843371,5.725663599808117,0.5850506160710477,0.10453481082894976,0.17813178555098463,0.3547622181715972,0.3625711854484685,-0.007808967276871304,0.6803764379259628,3,2.1079733148999855,Resting,Relaxed
07:38:06,0.09269006868950844,0.03899165562787553,0.02552928271505532,0.016577956022231374,0.03249452616201067,0.42066702699821157,0.27542630053034983,0.425166763382564,0.6547370790996672,0.833371285182874,0.47005114593122166,5.333631185832369,0.5420836492987233,0.1712892903798619,0.13457321083453883,0.4885997109768023,0.2055377878087969,0.28306192316800544,0.3298218552442088,1,2.05826535836111,Resting,Relaxed
07:38:07,0.09493904281025564,0.06599213265789455,0.015850272670332694,0.01992162570864328,0.01079965973509905,0.695100042137415,0.1669521010656376,0.30187879837006726,0.24018427700315495,0.16365071562522235,0.7754627107419949,5.434129523965284,0.6499523819382743,0.05757328047330519,0.08449823572326269,0.5061226254950935,0.3518058583083386,0.15431676718675486,0.5956489280821399,2,1.8716831329088275,Resting,Relaxed
07:38:07,0.09390207002711261,0.047083946171726815,0.027692977723992096,0.022124948144586203,0.015595263044570975,0.5014154230905893,0.29491338919361654,0.4699042867794266,0.588161782850336,0.33122251452100443,0.5691705906262423,5.300480824591004,0.6097104759775612,0.08463071999975408,0.1502813153596972,0.5095777976395452,0.2555101670010033,0.25406763063854193,0.3872160900171943,2,2.0190151937950884,Resting,Relaxed
07:38:08,0.07257262093359636,0.038825935576873506,0.021052069939613102,0.02359943342264796,0.0430871533076359,0.534994259231716,0.2900828117931094,0.6078265229674171,0.5422166813709101,1.1097518364322576,0.6667546953972244,5.393372368199429,0.5609878787275886,0.24545800549093041,0.11992899744242881,0.4134302087776357,0.2211827882890049,0.1922474204886308,0.41469318105703146,1,2.17577012370631,Resting,Relaxed
07:38:08,0.0730054492815528,0.04690768398767481,0.021409835966597488,0.03140599596448569,0.01897440112677229,0.6425230506666789,0.29326353275394995,0.6695277467277589,0.456424921175452,0.4045051794021187,0.8294509760295272,5.806949930176073,0.7693332846325736,0.1183700087147508,0.1335632388614224,0.4554375977373322,0.2926291546864945,0.16280844305083775,0.4968177244464697,2,2.1383808439668677,Resting,Relaxed
07:38:08,0.0354729361226272,0.05397801787694508,0.03588226762597113,0.028767272129042565,0.05116745849598266,1.521667608521247,1.0115392619863466,0.532944210634484,0.6647570443911586,0.9479314081637876,1.1596089149797721,5.849630161096922,0.7139551148720993,0.289899497615263,0.20329818333428007,0.20097903361167221,0.30582328543878456,-0.10484425182711235,0.756458654486722,1,2.281181985383663,Transitional,Focused
07:38:09,0.06119645691317442,0.04007798549418181,0.030885580395757457,0.02789429830607693,0.04317502132293426,0.654906958928104,0.5046955649667422,0.696000509060676,0.7706370471200746,1.077275237030116,0.7381629210623959,5.631637982817878,0.6644286537551609,0.24624296607753918,0.1761517815774118,0.3490258163632162,0.22857943598183283,0.12044638038138339,0.4352374407430012,1,2.264423538759241,Resting,Relaxed
07:38:09,0.04408437628156664,0.04446745336070361,0.020289906359950868,0.03096942295518705,0.0499804019749285,1.008689633640051,0.46025163723218765,0.6964514631403443,0.4562866732071796,1.1239771607675817,1.1718298269224094,5.772795814567008,0.5585293160442023,0.3146941768415143,0.12775238149023066,0.27757072687127055,0.27998271479698456,-0.0024119879257140098,0.6907535242730762,2,2.258269400291349,Resting,Relaxed
07:38:09,0.048901089518377225,0.050375310316522454,0.034990805948907626,0.0329208030050545,0.04433729744180692,1.0301469928924838,0.7155424611911344,0.6535106741418305,0.6946022908653149,0.8801394405954629,0.9928863803974841,5.9262001060933684,0.5776859166885907,0.24824288660739868,0.19591222683062498,0.2737953894510996,0.28204949711087673,-0.008254107659777132,0.6004717090276969,2,2.3010415162461832,Resting,Relaxed
07:38:10,0.052379501428532795,0.03268439475384374,0.035907959050844665,0.02915969819555842,0.03569971975497492,0.6239920935184676,0.6855345711878893,0.8921596503520748,1.0986270151636148,1.0922558004772773,0.7004776458170067,5.7303525848546615,0.6154730928099008,0.2278634127324283,0.22919255808560057,0.33432676879950396,0.2086172603824672,0.12570950841703676,0.3702000757106667,2,2.2906911408781294,Resting,Relaxed
07:38:10,0.04166600880529027,0.04719051687714044,0.028894365562721822,0.024279691219619978,0.04494347853254879,1.1325902871490954,0.693475722566764,0.5145036084862488,0.6122917796799666,0.9523836886457132,1.0128800457316536,5.836707299451558,0.6293082246551378,0.2762448300697661,0.17759905030642337,0.25609988140475254,0.29005623821905796,-0.03395635681430542,0.668786815730357,2,2.2770824916121395,Resting,Relaxed
07:38:10,0.04799455900924893,0.05246824288715968,0.02947642792492549,0.01741086878992569,0.024919620974770046,1.0932123134426266,0.6141618661241403,0.3318363229233769,0.5617955986884997,0.4749467411813883,0.9019919901687756,5.961992746286605,0.7105680855654919,0.16091828685711104,0.19034383745838207,0.30992454588495727,0.3388133297995496,-0.02888878391459232,0.677254385275291,3,2.2095409850013503,Resting,Relaxed
07:38:11,0.062745014147361,0.06163384338720847,0.02879645904807442,0.023581157264201524,0.02436167856607752,0.9822906923322565,0.45894417969918605,0.3826007915173366,0.46721829218346067,0.3952646342858696,0.9308793795584176,5.829404509506553,0.5485204473521339,0.13722029341360614,0.1621997658795106,0.3534193765913407,0.3471605641155426,0.006258812475798126,0.6732813877075993,2,2.1801229348957265,Resting,Relaxed
07:38:11,0.031227925001330842,0.04380518716112101,0.037522076509043364,0.03796136111923325,0.033776618914499734,1.4027568965678687,1.2015552268504643,0.8665951130309424,0.8565669716472716,0.7710643671094263,1.1893142861055788,6.060661307457741,0.6420104291932669,0.2308221259048563,0.25641777497344675,0.21340490161702608,0.2993551975046708,-0.08595029588764475,0.6371570769701589,2,2.312333320206235,Transitional,Focused
07:38:12,0.03192190500047535,0.05227214691560491,0.021611452512194887,0.03227920850931991,0.04045465810164782,1.637500860767129,0.6770101130202935,0.6175221492516033,0.41344107306492084,0.7739237909428742,1.579384891373986,6.024175962319309,0.6945955608178845,0.276593827067376,0.14776034798794552,0.21825426998239889,0.3573915549622796,-0.1391372849798807,0.9764224199988466,2,2.2630915825241114,Alert,Focused
07:38:12,0.05271864249244257,0.04973161315460647,0.026611609886522156,0.028468724372807452,0.029549624938104396,0.9433401696892271,0.5047855678441842,0.5724472335997509,0.5351044978933529,0.5941819109354051,0.985744396846927,5.9698945365606795,0.8007892120988898,0.1863019182924915,0.16777857523048992,0.3323759352848205,0.3135435711921981,0.0188323640926224,0.6268855169087584,1,2.2571234645993097,Resting,Relaxed
07:38:12,0.03717731680182118,0.06818557489923342,0.023295981219286797,0.028566429542218014,0.02823117183725777,1.8340639068361506,0.6266181430862598,0.4189512163596816,0.34165556649942835,0.41403437426433076,1.5998863584605987,6.136699953992276,0.7321603619362208,0.17994240412689003,0.14848603845629554,0.23696415447685984,0.4346074029399547,-0.19764324846309486,1.1275132929270861,2,2.2005733674310752,Alert,Focused
07:38:13,0.038300960687391056,0.05700466621165593,0.0495895742513503,0.03414288461359629,0.032955832332929175,1.4883351537033969,1.294734475620491,0.5989489437026996,0.8699213160415025,0.5781251697986539,1.0370458416590431,6.117611584046052,0.6697542992457938,0.18530020145212586,0.2788264610000106,0.21535416430954715,0.32051917323831647,-0.10516500892876932,0.6485797096544854,2,2.2875448987562987,Transitional,Focused
07:38:13,0.03971673493818525,0.05180925818070668,0.016517098110857782,0.02107748112232826,0.032028309550024815,1.304469218362036,0.41587250655334174,0.4068284677771613,0.3188059179162038,0.6181966442814631,1.29611373149218,6.005766686974342,0.6168143567297693,0.22865702328757975,0.11791913280589363,0.2835463536245303,0.3698774902819965,-0.08633113665746622,0.9213018937128034,2,2.2082744719673384,Alert,Focused
07:38:13,0.02765731903857791,0.04558399535301698,0.03908936107883099,0.03242672659242402,0.04509111868037848,1.648171150986615,1.4133459943932765,0.7113620985019221,0.8575238036093706,0.9891875060792389,1.1687405735782945,5.871578693171647,0.6054165890283187,0.2864350449289304,0.24830971651475908,0.17568926328004622,0.28956597527626426,-0.11387671199621804,0.682930032517009,1,2.2965722779693225,Transitional,Focused
07:38:14,94941.76639924455,323566.3280244001,77451.74281144352,285613.868662892,51869.99153949227,3.408050432343491,0.815781565362363,0.882705782170739,0.23936898281208943,0.16030713658060478,3.5336608638742786,6.67332271961199,0.0027688882244527395,0.09468267117823478,0.14137919978671543,0.17330521525564999,0.5906329137793997,-0.41732769852374973,1.8769055140416082,3,1.9842714333924225,Acute Stress,Stressed
07:38:14,0.06830139259263798,0.10529023725405556,0.032305500317500666,0.033940423817196336,0.03419732203242306,1.5415533015853107,0.4729845042864146,0.3223511001813135,0.3068233215160347,0.3247910055507625,1.3838940170987428,6.047116836939832,0.6638286383739294,0.14243278726164948,0.1345532977623538,0.2844771795755816,0.4385367354004151,-0.1540595558248335,1.0465405268759491,2,2.1413097211522425,Alert,Focused
07:38:15,0.07641968245075058,0.08192660050402956,0.03587482263772143,0.035403112845377324,0.029782544308464075,1.0720615144773464,0.4694448012243615,0.4321320868627525,0.43788979912521736,0.3635271587644995,1.0448300068374836,6.063776479103638,0.5756547649761868,0.13295562068578456,0.16015284864144877,0.3411537378276493,0.36573779284511726,-0.024584055017467965,0.7295625986052041,3,2.189952795196925,Resting,Focused
07:38:15,0.07565095337636156,0.03948594189910838,0.033233564960646,0.01522943416474059,0.04240682820868447,0.5219490321908679,0.43930133696147705,0.38569256379026584,0.8416556212730596,1.0739728158705022,0.5025037020488016,5.313449959790417,0.5448425853915412,0.2222844687351476,0.17420084555956888,0.39654066788065523,0.20697401782462835,0.18956665005602688,0.36263722212256816,1,2.1593531636101777,Resting,Relaxed
07:38:15,0.08996562742625729,0.0760465755574089,0.015688252347216484,0.020684299160496307,0.016039779413564617,0.8452847796759101,0.17438051393656734,0.2719951425673516,0.20629794612346675,0.21092046940964362,0.915536271730167,5.638793891621239,0.6736525883753189,0.08111540594808071,0.07933768444996257,0.45496874999934017,0.3845781596026165,0.07039059039672368,0.7197639685024897,1,1.9286117181873232,Resting,Relaxed
07:38:16,0.06965009062439459,0.04444315108264445,0.015979371428939532,0.022250235753296498,0.04364355058360962,0.6380917911839509,0.22942355545683726,0.5006448735356541,0.35954632017934607,0.9820084652065304,0.7788511849253086,5.577755920769118,0.6953168648341667,0.2512348284069802,0.09198551871507683,0.4009419108334872,0.25583774204445575,0.14510416878903143,0.5190109923144343,1,2.149701776475304,Resting,Relaxed
07:38:16,0.06339253175720216,0.04062150783190179,0.02416933896818145,0.024398330455044123,0.03627090477423528,0.6407932717924094,0.3812647688650725,0.6006259185653143,0.5949887204630115,0.8928990259133168,0.7425503269629247,5.6496478585652445,0.6737985488155556,0.22055311688730758,0.14696691675375143,0.3854720623445861,0.24700790401435493,0.13846415833023115,0.4639124722086803,1,2.2236903188274297,Resting,Relaxed
07:38:16,0.07204571448265448,0.045437535291291915,0.009879820301538195,0.029181836021888452,0.015337311194392014,0.6306764478299584,0.1371326576810732,0.6422407341157244,0.2174374168449154,0.33754716438880883,0.9108083420071345,5.58983897085766,0.72150716291115,0.10747911854128767,0.06923471551805713,0.5048740153426836,0.31841215059797157,0.18646186474471205,0.5546131715564622,1,2.0155130940453696,Resting,Relaxed
07:38:17,0.05534168144078207,0.041787033113137535,0.026430930585510083,0.029232282702801357,0.04150615734048301,0.7550734279342672,0.4775953656881982,0.6995539172081338,0.6325151276940117,0.9932783987823673,0.8684869612107204,5.653397212712989,0.735234942379287,0.2514521888659161,0.16012360033645692,0.33527042312423705,0.2531537876733899,0.08211663545084713,0.5110087726062781,1,2.271229319486409,Resting,Relaxed
07:38:17,0.0846204700167378,0.04275229406746307,0.03591591487982902,0.025959075205331455,0.029455360290748574,0.5052240203700917,0.4244353035704589,0.6071972457049454,0.8400932783432334,0.6889773036335325,0.5700419776964283,5.476837710218551,0.5474645412208761,0.15282112175626372,0.18633995125708464,0.43903028256496346,0.22180864442168824,0.21722163814327522,0.35468078309603973,2,2.1728848541945847,Resting,Relaxed
07:38:17,0.11134046660757838,0.05425894989681658,0.011801809187238579,0.016774177092541732,0.01142657243286822,0.4873246138625707,0.10599748273764904,0.30915041895283507,0.21750898625354712,0.21059332063370115,0.5768331768899401,5.178963909590794,0.5204950638348281,0.06051319004066457,0.0625003802642298,0.5896402315413705,0.28734619815373513,0.30229403338763533,0.4406164246208912,2,1.7497384164326137,Resting,Relaxed
07:38:18,0.0616535655182342,0.0561802297431689,0.025143078943125664,0.033745419035326386,0.042270287908404015,0.9112243431655782,0.4078122446250012,0.6006635998036227,0.44754318481908445,0.752405038242902,1.036037894075892,5.74109074896367,0.5903427423790989,0.22818318740361948,0.13572720173601155,0.33281786784214357,0.30327174301822546,0.029546124823918107,0.6472552347682538,1,2.2506948063707033,Resting,Relaxed
07:38:18,0.06325656259713067,0.05377042544389121,0.04685386721527196,0.028393588919073565,0.03872707309616456,0.8500371066057619,0.7406957522127082,0.5280521529200458,0.8713687278551181,0.7202299921650387,0.7461896962281572,5.7519141137836804,0.7300763298087285,0.19114293014632,0.23125386847529775,0.3122116844662122,0.2653915169121701,0.046820167554042114,0.4883273746921654,2,2.271732635613384,Resting,Relaxed
07:38:19,0.0642812239773806,0.051563380889418614,0.024399839907759048,0.03388506215931375,0.029012145550867178,0.802153065840234,0.3795795785771738,0.6571536151204419,0.47320093226792603,0.5626501802332514,0.9635369239872963,5.982534745369786,0.636042913766298,0.1714092520420401,0.14415887653677817,0.3797856488411393,0.3046462225800424,0.07513942626109688,0.5814409208631309,1,2.2266107429436564,Resting,Relaxed
07:38:19,0.05876211165227114,0.08602491006744385,0.018198978221388783,0.027277936301221127,0.03805140365672718,1.463951986213535,0.3097059943843151,0.3170934590903393,0.21155474858527276,0.4423300602917775,1.4721903544285455,5.979029550895685,0.6753955274647022,0.18927524418713554,0.09052533456806511,0.29229442183715676,0.42790499940764254,-0.13561057757048578,1.1177569399253757,2,2.122444329560892,Alert,Focused
07:38:19,0.06520509741189265,0.06456014418968534,0.03380745992028464,0.03138158528789518,0.049511623149875846,0.9901088527154063,0.5184787886555408,0.4860829491906396,0.523658370727214,0.7669069481072539,0.9689756843672307,5.872733449319552,0.6217362945543502,0.2323569470731819,0.15865765805328874,0.30600607300580496,0.3029793218677244,0.003026751138080541,0.6520333773393744,1,2.25729958923859,Resting,Relaxed
